https://www.youtube.com/watch?v=MaXEaJpONQc,2:20,2:23
https://www.youtube.com/watch?v=MaXEaJpONQc,2:40,2:43
https://www.youtube.com/watch?v=MaXEaJpONQc,41:27,41:30
https://www.youtube.com/watch?v=MaXEaJpONQc,42:55,42:58
https://www.youtube.com/watch?v=1WdMGyZnK8Y,25,30
https://www.youtube.com/watch?v=fXVS_CqMaRs,0,5
https://www.youtube.com/watch?v=e9_PNzqJCDI,2:30,2:35
https://www.youtube.com/watch?v=01zClkV1n24,28,33
https://www.youtube.com/watch?v=01zClkV1n24,55,60
https://www.youtube.com/watch?v=01zClkV1n24,1:06,1:11
https://www.youtube.com/watch?v=MaXEaJpONQc,30:21,30:26
https://www.youtube.com/watch?v=MaXEaJpONQc,42:34,42:39
https://www.youtube.com/watch?v=MaXEaJpONQc,42:53,42:58
https://www.youtube.com/watch?v=MaXEaJpONQc,54:41,54:46
https://www.youtube.com/watch?v=MaXEaJpONQc,56:41,56:46
https://www.youtube.com/watch?v=MaXEaJpONQc,57:03,57:08
https://www.youtube.com/watch?v=MaXEaJpONQc,57:29,57:34
https://www.youtube.com/watch?v=4b7NfEZWBzw,3:30,3:35
https://www.youtube.com/watch?v=g_Wlybwr4mA,13:27,13:32
https://www.youtube.com/watch?v=aMrRmS8SeqU,53:48,53:53
https://www.youtube.com/watch?v=PkRLXgwye7g,15:41,15:46
https://www.youtube.com/watch?v=PkRLXgwye7g,15:46,15:51
https://www.youtube.com/watch?v=ZZkKTTZuxO8,11:09,11:14
https://www.youtube.com/watch?v=ZZkKTTZuxO8,20:27,20:32
https://www.youtube.com/watch?v=KfaBRyCKRhk,10:23,10:28
https://www.youtube.com/watch?v=9Cdp7_kNsW0,55:52,55:57
https://www.youtube.com/watch?v=9Cdp7_kNsW0,56:02,56:07
https://www.youtube.com/watch?v=WA8-KEnfWbQ,3,8
https://www.youtube.com/watch?v=4b7NfEZWBzw,2:35,2:40
https://www.youtube.com/watch?v=4b7NfEZWBzw,2:40,2:45
https://www.youtube.com/watch?v=4b7NfEZWBzw,2:45,2:50
https://www.youtube.com/watch?v=4b7NfEZWBzw,2:50,2:55
https://www.youtube.com/watch?v=4b7NfEZWBzw,2:55,3:00
https://www.youtube.com/watch?v=4b7NfEZWBzw,3:00,3:05
https://www.youtube.com/watch?v=4b7NfEZWBzw,3:05,3:10
https://www.youtube.com/watch?v=4b7NfEZWBzw,3:10,3:15
https://www.youtube.com/watch?v=4b7NfEZWBzw,3:15,3:20
https://www.youtube.com/watch?v=4b7NfEZWBzw,3:20,3:25
https://www.youtube.com/watch?v=HXzdZifMBdA,35:28,35:33
https://www.youtube.com/watch?v=PkRLXgwye7g,15:10,15:15
https://www.youtube.com/watch?v=PkRLXgwye7g,15:21,15:26
https://www.youtube.com/watch?v=PkRLXgwye7g,15:26,15:31
https://www.youtube.com/watch?v=PkRLXgwye7g,15:31,15:36
https://www.youtube.com/watch?v=Y0sueF5W0X0,0:50,0:55
https://www.youtube.com/watch?v=Y0sueF5W0X0,0:55,1:00
https://www.youtube.com/watch?v=Y0sueF5W0X0,1:05,1:10
https://www.youtube.com/watch?v=Y0sueF5W0X0,1:22,1:27
https://www.youtube.com/watch?v=Y0sueF5W0X0,1:27,1:32
https://www.youtube.com/watch?v=Y0sueF5W0X0,1:32,1:37
https://www.youtube.com/watch?v=Y0sueF5W0X0,1:37,1:42
https://www.youtube.com/watch?v=Y0sueF5W0X0,1:42,1:47
https://www.youtube.com/watch?v=Y0sueF5W0X0,2:08,2:13
https://www.youtube.com/watch?v=Y0sueF5W0X0,2:13,2:18
https://www.youtube.com/watch?v=Y0sueF5W0X0,2:18,2:23
https://www.youtube.com/watch?v=Y0sueF5W0X0,2:23,2:28
https://www.youtube.com/watch?v=Y0sueF5W0X0,2:28,2:33
https://www.youtube.com/watch?v=Y0sueF5W0X0,2:33,2:38
https://www.youtube.com/watch?v=Y0sueF5W0X0,2:38,2:43
https://www.youtube.com/watch?v=Y0sueF5W0X0,2:43,2:48
https://www.youtube.com/watch?v=Y0sueF5W0X0,2:48,2:53
https://www.youtube.com/watch?v=Y0sueF5W0X0,3:20,3:25
https://www.youtube.com/watch?v=Y0sueF5W0X0,3:25,3:30
https://www.youtube.com/watch?v=Y0sueF5W0X0,3:30,3:35
https://www.youtube.com/watch?v=Y0sueF5W0X0,3:35,3:40
https://www.youtube.com/watch?v=Y0sueF5W0X0,3:40,3:45
https://www.youtube.com/watch?v=Y0sueF5W0X0,4:20,4:25
https://www.youtube.com/watch?v=Y0sueF5W0X0,4:25,4:30
https://www.youtube.com/watch?v=Y0sueF5W0X0,4:45,4:50
https://www.youtube.com/watch?v=Y0sueF5W0X0,4:50,4:55
https://www.youtube.com/watch?v=Y0sueF5W0X0,4:55,5:00
https://www.youtube.com/watch?v=Y0sueF5W0X0,5:00,5:05
https://www.youtube.com/watch?v=Y0sueF5W0X0,5:05,5:10
https://www.youtube.com/watch?v=Y0sueF5W0X0,5:10,5:15
https://www.youtube.com/watch?v=Y0sueF5W0X0,5:15,5:20
https://www.youtube.com/watch?v=Y0sueF5W0X0,5:20,5:25
https://www.youtube.com/watch?v=Y0sueF5W0X0,5:25,5:30
https://www.youtube.com/watch?v=Y0sueF5W0X0,5:30,5:35
https://www.youtube.com/watch?v=Y0sueF5W0X0,5:35,5:40
https://www.youtube.com/watch?v=Y0sueF5W0X0,6:03,6:08
https://www.youtube.com/watch?v=Y0sueF5W0X0,6:08,6:13
https://www.youtube.com/watch?v=Y0sueF5W0X0,6:13,6:18
https://www.youtube.com/watch?v=Y0sueF5W0X0,6:36,6:41
https://www.youtube.com/watch?v=Y0sueF5W0X0,6:45,6:50
https://www.youtube.com/watch?v=Y0sueF5W0X0,6:50,6:55
https://www.youtube.com/watch?v=Y0sueF5W0X0,6:55,7:00
https://www.youtube.com/watch?v=Y0sueF5W0X0,7:00,7:05
https://www.youtube.com/watch?v=Y0sueF5W0X0,7:18,7:23
https://www.youtube.com/watch?v=mdJcNu27HFk,3:07,3:12
https://www.youtube.com/watch?v=mdJcNu27HFk,3:23,3:28
https://www.youtube.com/watch?v=mdJcNu27HFk,3:28,3:33
https://www.youtube.com/watch?v=mdJcNu27HFk,3:33,3:38
https://www.youtube.com/watch?v=mdJcNu27HFk,3:38,3:43
https://www.youtube.com/watch?v=mdJcNu27HFk,3:43,3:48
https://www.youtube.com/watch?v=mdJcNu27HFk,3:54,3:59
https://www.youtube.com/watch?v=mdJcNu27HFk,3:59,4:04
https://www.youtube.com/watch?v=mdJcNu27HFk,4:04,4:09
https://www.youtube.com/watch?v=K2bdratMNCU,0:14,0:19
https://www.youtube.com/watch?v=K2bdratMNCU,0:19,0:24
https://www.youtube.com/watch?v=K2bdratMNCU,0:24,0:29
https://www.youtube.com/watch?v=K2bdratMNCU,0:29,0:34
https://www.youtube.com/watch?v=K2bdratMNCU,0:34,0:39
https://www.youtube.com/watch?v=K2bdratMNCU,0:39,0:44
https://www.youtube.com/watch?v=K2bdratMNCU,0:44,0:49
https://www.youtube.com/watch?v=K2bdratMNCU,0:49,0:54
https://www.youtube.com/watch?v=K2bdratMNCU,0:54,0:59
https://www.youtube.com/watch?v=K2bdratMNCU,0:59,1:04
https://www.youtube.com/watch?v=K2bdratMNCU,1:04,1:09
https://www.youtube.com/watch?v=K2bdratMNCU,1:09,1:14
https://www.youtube.com/watch?v=K2bdratMNCU,1:14,1:19
https://www.youtube.com/watch?v=K2bdratMNCU,1:19,1:24
https://www.youtube.com/watch?v=K2bdratMNCU,1:24,1:29
https://www.youtube.com/watch?v=K2bdratMNCU,1:32,1:37
https://www.youtube.com/watch?v=K2bdratMNCU,1:37,1:42
https://www.youtube.com/watch?v=00d5zUFeeEk,1:13,1:18
https://www.youtube.com/watch?v=00d5zUFeeEk,1:51,1:56
https://www.youtube.com/watch?v=00d5zUFeeEk,1:56,2:01
https://www.youtube.com/watch?v=00d5zUFeeEk,2:15,2:20
https://www.youtube.com/watch?v=00d5zUFeeEk,2:31,2:36
https://www.youtube.com/watch?v=00d5zUFeeEk,3:06,3:11
https://www.youtube.com/watch?v=00d5zUFeeEk,4:23,4:28
https://www.youtube.com/watch?v=00d5zUFeeEk,4:48,4:53
https://www.youtube.com/watch?v=00d5zUFeeEk,5:30,5:35
https://www.youtube.com/watch?v=toiiWWFsWOw,19,24
https://www.youtube.com/watch?v=toiiWWFsWOw,24,29
https://www.youtube.com/watch?v=toiiWWFsWOw,29,34
https://www.youtube.com/watch?v=toiiWWFsWOw,34,39
https://www.youtube.com/watch?v=toiiWWFsWOw,39,44
https://www.youtube.com/watch?v=toiiWWFsWOw,49,54
https://www.youtube.com/watch?v=toiiWWFsWOw,54,59
https://www.youtube.com/watch?v=toiiWWFsWOw,59,64
https://www.youtube.com/watch?v=toiiWWFsWOw,1:09,1:14
https://www.youtube.com/watch?v=toiiWWFsWOw,1:14,1:19
https://www.youtube.com/watch?v=toiiWWFsWOw,1:19,1:24
https://www.youtube.com/watch?v=toiiWWFsWOw,1:24,1:29
https://www.youtube.com/watch?v=toiiWWFsWOw,1:49,1:54
https://www.youtube.com/watch?v=toiiWWFsWOw,1:55,2:00
https://www.youtube.com/watch?v=toiiWWFsWOw,2:00,2:05
https://www.youtube.com/watch?v=toiiWWFsWOw,2:05,2:10
https://www.youtube.com/watch?v=toiiWWFsWOw,2:10,2:15
https://www.youtube.com/watch?v=toiiWWFsWOw,2:15,2:20
https://www.youtube.com/watch?v=toiiWWFsWOw,3:45,3:50
https://www.youtube.com/watch?v=toiiWWFsWOw,3:50,3:55
https://www.youtube.com/watch?v=toiiWWFsWOw,3:55,4:00
https://www.youtube.com/watch?v=toiiWWFsWOw,4:05,4:10
https://www.youtube.com/watch?v=toiiWWFsWOw,4:10,4:15
https://www.youtube.com/watch?v=toiiWWFsWOw,4:15,4:20
https://www.youtube.com/watch?v=toiiWWFsWOw,4:20,4:25
https://www.youtube.com/watch?v=toiiWWFsWOw,4:25,4:30
https://www.youtube.com/watch?v=toiiWWFsWOw,4:30,4:35
https://www.youtube.com/watch?v=toiiWWFsWOw,4:35,4:40
https://www.youtube.com/watch?v=toiiWWFsWOw,4:40,4:45
https://www.youtube.com/watch?v=toiiWWFsWOw,4:45,4:50
https://www.youtube.com/watch?v=toiiWWFsWOw,4:50,4:55
https://www.youtube.com/watch?v=toiiWWFsWOw,4:55,5:00
https://www.youtube.com/watch?v=toiiWWFsWOw,5:00,5:05
https://www.youtube.com/watch?v=toiiWWFsWOw,5:05,5:10
https://www.youtube.com/watch?v=toiiWWFsWOw,5:10,5:15
https://www.youtube.com/watch?v=toiiWWFsWOw,5:15,5:20
https://www.youtube.com/watch?v=toiiWWFsWOw,5:20,5:25
https://www.youtube.com/watch?v=toiiWWFsWOw,5:25,5:30
https://www.youtube.com/watch?v=toiiWWFsWOw,5:31,5:36
https://www.youtube.com/watch?v=toiiWWFsWOw,5:36,5:41
https://www.youtube.com/watch?v=toiiWWFsWOw,5:41,5:46
https://www.youtube.com/watch?v=toiiWWFsWOw,5:46,5:51
https://www.youtube.com/watch?v=toiiWWFsWOw,5:57,6:02
https://www.youtube.com/watch?v=toiiWWFsWOw,6:02,6:07
https://www.youtube.com/watch?v=toiiWWFsWOw,6:40,6:45
https://www.youtube.com/watch?v=toiiWWFsWOw,6:45,6:50
https://www.youtube.com/watch?v=toiiWWFsWOw,6:50,6:55
https://www.youtube.com/watch?v=toiiWWFsWOw,6:55,7:00
https://www.youtube.com/watch?v=toiiWWFsWOw,7:00,7:05
https://www.youtube.com/watch?v=toiiWWFsWOw,7:05,7:10
https://www.youtube.com/watch?v=toiiWWFsWOw,7:10,7:15
https://www.youtube.com/watch?v=toiiWWFsWOw,7:15,7:20
https://www.youtube.com/watch?v=toiiWWFsWOw,7:20,7:25
https://www.youtube.com/watch?v=toiiWWFsWOw,7:25,7:30
https://www.youtube.com/watch?v=toiiWWFsWOw,7:30,7:35
https://www.youtube.com/watch?v=toiiWWFsWOw,7:35,7:40
https://www.youtube.com/watch?v=toiiWWFsWOw,7:42,7:47
https://www.youtube.com/watch?v=toiiWWFsWOw,7:47,7:52
https://www.youtube.com/watch?v=toiiWWFsWOw,7:52,7:57
https://www.youtube.com/watch?v=toiiWWFsWOw,7:57,8:02
https://www.youtube.com/watch?v=toiiWWFsWOw,8:02,8:07
https://www.youtube.com/watch?v=toiiWWFsWOw,9:00,9:05
https://www.youtube.com/watch?v=toiiWWFsWOw,9:05,9:10
https://www.youtube.com/watch?v=toiiWWFsWOw,9:14,9:19
https://www.youtube.com/watch?v=toiiWWFsWOw,9:19,9:24
https://www.youtube.com/watch?v=toiiWWFsWOw,9:24,9:29
https://www.youtube.com/watch?v=toiiWWFsWOw,9:29,9:34
https://www.youtube.com/watch?v=toiiWWFsWOw,9:34,9:39
https://www.youtube.com/watch?v=toiiWWFsWOw,9:39,9:44
https://www.youtube.com/watch?v=toiiWWFsWOw,9:50,9:55
https://www.youtube.com/watch?v=toiiWWFsWOw,9:55,10:00
https://www.youtube.com/watch?v=toiiWWFsWOw,10:00,10:05
https://www.youtube.com/watch?v=toiiWWFsWOw,10:05,10:10
https://www.youtube.com/watch?v=toiiWWFsWOw,10:10,10:15
https://www.youtube.com/watch?v=toiiWWFsWOw,10:15,10:20
https://www.youtube.com/watch?v=toiiWWFsWOw,10:25,10:30
https://www.youtube.com/watch?v=toiiWWFsWOw,10:30,10:35
https://www.youtube.com/watch?v=toiiWWFsWOw,10:37,10:42
https://www.youtube.com/watch?v=toiiWWFsWOw,10:42,10:47
https://www.youtube.com/watch?v=toiiWWFsWOw,10:47,10:52
https://www.youtube.com/watch?v=toiiWWFsWOw,10:52,10:57
https://www.youtube.com/watch?v=toiiWWFsWOw,10:57,11:02
https://www.youtube.com/watch?v=toiiWWFsWOw,11:02,11:07
https://www.youtube.com/watch?v=toiiWWFsWOw,11:07,11:12
https://www.youtube.com/watch?v=toiiWWFsWOw,11:12,11:17
https://www.youtube.com/watch?v=toiiWWFsWOw,11:17,11:22
https://www.youtube.com/watch?v=toiiWWFsWOw,12:23,12:28
https://www.youtube.com/watch?v=toiiWWFsWOw,12:28,12:33
https://www.youtube.com/watch?v=toiiWWFsWOw,12:39,12:44
https://www.youtube.com/watch?v=toiiWWFsWOw,12:49,12:54
https://www.youtube.com/watch?v=toiiWWFsWOw,12:54,12:59
https://www.youtube.com/watch?v=toiiWWFsWOw,12:59,13:04
https://www.youtube.com/watch?v=toiiWWFsWOw,13:04,13:09
https://www.youtube.com/watch?v=toiiWWFsWOw,13:09,13:14
https://www.youtube.com/watch?v=toiiWWFsWOw,13:14,13:19
https://www.youtube.com/watch?v=toiiWWFsWOw,13:19,13:24
https://www.youtube.com/watch?v=toiiWWFsWOw,13:24,13:29
https://www.youtube.com/watch?v=toiiWWFsWOw,13:29,13:34
https://www.youtube.com/watch?v=toiiWWFsWOw,13:34,13:39
https://www.youtube.com/watch?v=toiiWWFsWOw,13:39,13:44
https://www.youtube.com/watch?v=toiiWWFsWOw,13:44,13:49
https://www.youtube.com/watch?v=toiiWWFsWOw,13:49,13:54
https://www.youtube.com/watch?v=toiiWWFsWOw,13:54,13:59
https://www.youtube.com/watch?v=toiiWWFsWOw,13:59,14:04
https://www.youtube.com/watch?v=toiiWWFsWOw,14:04,14:09
https://www.youtube.com/watch?v=toiiWWFsWOw,14:09,14:14
https://www.youtube.com/watch?v=toiiWWFsWOw,14:14,14:19
https://www.youtube.com/watch?v=toiiWWFsWOw,14:25,14:30
https://www.youtube.com/watch?v=toiiWWFsWOw,14:30,14:35
https://www.youtube.com/watch?v=toiiWWFsWOw,14:35,14:40
https://www.youtube.com/watch?v=toiiWWFsWOw,14:40,14:45
https://www.youtube.com/watch?v=toiiWWFsWOw,14:45,14:50
https://www.youtube.com/watch?v=toiiWWFsWOw,14:55,15:00
https://www.youtube.com/watch?v=toiiWWFsWOw,15:00,15:05
https://www.youtube.com/watch?v=toiiWWFsWOw,15:05,15:10
https://www.youtube.com/watch?v=toiiWWFsWOw,15:10,15:15
https://www.youtube.com/watch?v=toiiWWFsWOw,15:15,15:20
https://www.youtube.com/watch?v=toiiWWFsWOw,15:20,15:25
https://www.youtube.com/watch?v=toiiWWFsWOw,15:28,15:33
https://www.youtube.com/watch?v=toiiWWFsWOw,15:33,15:38
https://www.youtube.com/watch?v=toiiWWFsWOw,15:40,15:45
https://www.youtube.com/watch?v=toiiWWFsWOw,15:45,15:50
https://www.youtube.com/watch?v=toiiWWFsWOw,15:50,15:55
https://www.youtube.com/watch?v=toiiWWFsWOw,15:55,16:00
https://www.youtube.com/watch?v=toiiWWFsWOw,16:00,16:05
https://www.youtube.com/watch?v=toiiWWFsWOw,16:05,16:10
https://www.youtube.com/watch?v=toiiWWFsWOw,16:10,16:15
https://www.youtube.com/watch?v=toiiWWFsWOw,16:15,16:20
https://www.youtube.com/watch?v=toiiWWFsWOw,16:20,16:25
https://www.youtube.com/watch?v=toiiWWFsWOw,16:25,16:30
https://www.youtube.com/watch?v=toiiWWFsWOw,16:30,16:35
https://www.youtube.com/watch?v=toiiWWFsWOw,16:35,16:40
https://www.youtube.com/watch?v=toiiWWFsWOw,16:40,16:45
https://www.youtube.com/watch?v=toiiWWFsWOw,17:29,17:34
https://www.youtube.com/watch?v=toiiWWFsWOw,17:34,17:39
https://www.youtube.com/watch?v=toiiWWFsWOw,17:39,17:44
https://www.youtube.com/watch?v=toiiWWFsWOw,17:44,17:49
https://www.youtube.com/watch?v=toiiWWFsWOw,17:49,17:54
https://www.youtube.com/watch?v=toiiWWFsWOw,17:54,17:59
https://www.youtube.com/watch?v=toiiWWFsWOw,17:59,18:04
https://www.youtube.com/watch?v=toiiWWFsWOw,18:04,18:09
https://www.youtube.com/watch?v=toiiWWFsWOw,18:09,18:14
https://www.youtube.com/watch?v=toiiWWFsWOw,18:14,18:19
https://www.youtube.com/watch?v=toiiWWFsWOw,18:19,18:24
https://www.youtube.com/watch?v=toiiWWFsWOw,18:24,18:29
https://www.youtube.com/watch?v=toiiWWFsWOw,18:29,18:34
https://www.youtube.com/watch?v=toiiWWFsWOw,18:34,18:39
https://www.youtube.com/watch?v=toiiWWFsWOw,18:39,18:44
https://www.youtube.com/watch?v=toiiWWFsWOw,18:44,18:49
https://www.youtube.com/watch?v=toiiWWFsWOw,18:49,18:54
https://www.youtube.com/watch?v=toiiWWFsWOw,18:54,18:59
https://www.youtube.com/watch?v=toiiWWFsWOw,18:59,19:04
https://www.youtube.com/watch?v=toiiWWFsWOw,19:04,19:09
https://www.youtube.com/watch?v=toiiWWFsWOw,19:09,19:14
https://www.youtube.com/watch?v=toiiWWFsWOw,19:19,19:24
https://www.youtube.com/watch?v=toiiWWFsWOw,19:24,19:29
https://www.youtube.com/watch?v=toiiWWFsWOw,19:29,19:34
https://www.youtube.com/watch?v=toiiWWFsWOw,19:34,19:39
https://www.youtube.com/watch?v=toiiWWFsWOw,19:39,19:44
https://www.youtube.com/watch?v=toiiWWFsWOw,20:47,20:52
https://www.youtube.com/watch?v=toiiWWFsWOw,20:52,20:57
https://www.youtube.com/watch?v=toiiWWFsWOw,20:57,21:02
https://www.youtube.com/watch?v=toiiWWFsWOw,21:02,21:07
https://www.youtube.com/watch?v=toiiWWFsWOw,21:07,21:12
https://www.youtube.com/watch?v=toiiWWFsWOw,21:12,21:17
https://www.youtube.com/watch?v=toiiWWFsWOw,21:17,21:22
https://www.youtube.com/watch?v=toiiWWFsWOw,21:40,21:45
https://www.youtube.com/watch?v=toiiWWFsWOw,21:45,21:50
https://www.youtube.com/watch?v=toiiWWFsWOw,21:50,21:55
https://www.youtube.com/watch?v=toiiWWFsWOw,21:55,22:00
https://www.youtube.com/watch?v=toiiWWFsWOw,22:00,22:05
https://www.youtube.com/watch?v=toiiWWFsWOw,22:21,22:26
https://www.youtube.com/watch?v=toiiWWFsWOw,22:26,22:31
https://www.youtube.com/watch?v=toiiWWFsWOw,22:32,22:37
https://www.youtube.com/watch?v=toiiWWFsWOw,22:37,22:42
https://www.youtube.com/watch?v=toiiWWFsWOw,22:55,23:00
https://www.youtube.com/watch?v=toiiWWFsWOw,23:00,23:05
https://www.youtube.com/watch?v=toiiWWFsWOw,23:05,23:10
https://www.youtube.com/watch?v=toiiWWFsWOw,23:10,23:15
https://www.youtube.com/watch?v=toiiWWFsWOw,23:29,23:34
https://www.youtube.com/watch?v=toiiWWFsWOw,23:34,23:39
https://www.youtube.com/watch?v=toiiWWFsWOw,23:39,23:44
https://www.youtube.com/watch?v=toiiWWFsWOw,23:44,23:49
https://www.youtube.com/watch?v=toiiWWFsWOw,23:49,23:54
https://www.youtube.com/watch?v=toiiWWFsWOw,23:54,23:59
https://www.youtube.com/watch?v=toiiWWFsWOw,23:59,24:04
https://www.youtube.com/watch?v=toiiWWFsWOw,24:04,24:09
https://www.youtube.com/watch?v=toiiWWFsWOw,24:13,24:18
https://www.youtube.com/watch?v=toiiWWFsWOw,24:18,24:23
https://www.youtube.com/watch?v=toiiWWFsWOw,24:47,24:52
https://www.youtube.com/watch?v=toiiWWFsWOw,24:52,24:57
https://www.youtube.com/watch?v=toiiWWFsWOw,24:57,25:02
https://www.youtube.com/watch?v=toiiWWFsWOw,25:02,25:07
https://www.youtube.com/watch?v=toiiWWFsWOw,25:07,25:12
https://www.youtube.com/watch?v=toiiWWFsWOw,25:12,25:17
https://www.youtube.com/watch?v=toiiWWFsWOw,25:17,25:22
https://www.youtube.com/watch?v=toiiWWFsWOw,25:22,25:27
https://www.youtube.com/watch?v=toiiWWFsWOw,25:27,25:32
https://www.youtube.com/watch?v=toiiWWFsWOw,25:32,25:37
https://www.youtube.com/watch?v=toiiWWFsWOw,25:50,25:55
https://www.youtube.com/watch?v=toiiWWFsWOw,26:06,26:11
https://www.youtube.com/watch?v=toiiWWFsWOw,26:24,26:29
https://www.youtube.com/watch?v=toiiWWFsWOw,26:30,26:35
https://www.youtube.com/watch?v=toiiWWFsWOw,26:35,26:40
https://www.youtube.com/watch?v=toiiWWFsWOw,26:40,26:45
https://www.youtube.com/watch?v=toiiWWFsWOw,27:25,27:30
https://www.youtube.com/watch?v=toiiWWFsWOw,27:30,27:35
https://www.youtube.com/watch?v=toiiWWFsWOw,27:35,27:40
https://www.youtube.com/watch?v=toiiWWFsWOw,27:40,27:45
https://www.youtube.com/watch?v=toiiWWFsWOw,27:45,27:50
https://www.youtube.com/watch?v=toiiWWFsWOw,27:50,27:55
https://www.youtube.com/watch?v=toiiWWFsWOw,28:08,28:13
https://www.youtube.com/watch?v=toiiWWFsWOw,28:15,28:20
https://www.youtube.com/watch?v=toiiWWFsWOw,28:20,28:25
https://www.youtube.com/watch?v=toiiWWFsWOw,28:25,28:30
https://www.youtube.com/watch?v=toiiWWFsWOw,28:30,28:35
https://www.youtube.com/watch?v=toiiWWFsWOw,28:35,28:40
https://www.youtube.com/watch?v=toiiWWFsWOw,28:40,28:45
https://www.youtube.com/watch?v=toiiWWFsWOw,28:45,28:50
https://www.youtube.com/watch?v=toiiWWFsWOw,28:50,28:55
https://www.youtube.com/watch?v=toiiWWFsWOw,28:55,29:00
https://www.youtube.com/watch?v=toiiWWFsWOw,29:00,29:05
https://www.youtube.com/watch?v=toiiWWFsWOw,29:05,29:10
https://www.youtube.com/watch?v=toiiWWFsWOw,29:10,29:15
https://www.youtube.com/watch?v=toiiWWFsWOw,29:36,29:41
https://www.youtube.com/watch?v=toiiWWFsWOw,29:41,29:46
https://www.youtube.com/watch?v=toiiWWFsWOw,29:46,29:51
https://www.youtube.com/watch?v=toiiWWFsWOw,29:51,29:56
https://www.youtube.com/watch?v=toiiWWFsWOw,29:56,30:01
https://www.youtube.com/watch?v=toiiWWFsWOw,30:01,30:06
https://www.youtube.com/watch?v=toiiWWFsWOw,30:06,30:11
https://www.youtube.com/watch?v=toiiWWFsWOw,30:11,30:16
https://www.youtube.com/watch?v=toiiWWFsWOw,30:16,30:21
https://www.youtube.com/watch?v=toiiWWFsWOw,30:21,30:26
https://www.youtube.com/watch?v=toiiWWFsWOw,31:32,31:37
https://www.youtube.com/watch?v=toiiWWFsWOw,31:37,31:42
https://www.youtube.com/watch?v=toiiWWFsWOw,31:42,31:47
https://www.youtube.com/watch?v=toiiWWFsWOw,31:47,31:52
https://www.youtube.com/watch?v=toiiWWFsWOw,31:52,31:57
https://www.youtube.com/watch?v=toiiWWFsWOw,31:57,32:02
https://www.youtube.com/watch?v=toiiWWFsWOw,32:02,32:07
https://www.youtube.com/watch?v=toiiWWFsWOw,32:07,32:12
https://www.youtube.com/watch?v=toiiWWFsWOw,32:12,32:17
https://www.youtube.com/watch?v=toiiWWFsWOw,32:17,32:22
https://www.youtube.com/watch?v=toiiWWFsWOw,32:22,32:27
https://www.youtube.com/watch?v=toiiWWFsWOw,32:27,32:32
https://www.youtube.com/watch?v=toiiWWFsWOw,32:32,32:37
https://www.youtube.com/watch?v=toiiWWFsWOw,33:10,33:15
https://www.youtube.com/watch?v=toiiWWFsWOw,33:52,33:57
https://www.youtube.com/watch?v=toiiWWFsWOw,33:57,34:02
https://www.youtube.com/watch?v=toiiWWFsWOw,34:02,34:07
https://www.youtube.com/watch?v=toiiWWFsWOw,34:07,34:12
https://www.youtube.com/watch?v=toiiWWFsWOw,34:35,34:40
https://www.youtube.com/watch?v=toiiWWFsWOw,34:47,34:52
https://www.youtube.com/watch?v=toiiWWFsWOw,34:52,34:57
https://www.youtube.com/watch?v=toiiWWFsWOw,34:57,35:02
https://www.youtube.com/watch?v=toiiWWFsWOw,35:02,35:07
https://www.youtube.com/watch?v=toiiWWFsWOw,35:07,35:12
https://www.youtube.com/watch?v=toiiWWFsWOw,35:12,35:17
https://www.youtube.com/watch?v=toiiWWFsWOw,35:17,35:22
https://www.youtube.com/watch?v=toiiWWFsWOw,35:32,35:37
https://www.youtube.com/watch?v=toiiWWFsWOw,36:05,36:10
https://www.youtube.com/watch?v=toiiWWFsWOw,36:24,36:29
https://www.youtube.com/watch?v=toiiWWFsWOw,36:29,36:34
https://www.youtube.com/watch?v=toiiWWFsWOw,36:34,36:39
https://www.youtube.com/watch?v=toiiWWFsWOw,36:39,36:44
https://www.youtube.com/watch?v=toiiWWFsWOw,36:44,36:49
https://www.youtube.com/watch?v=toiiWWFsWOw,36:49,36:54
https://www.youtube.com/watch?v=toiiWWFsWOw,36:54,36:59
https://www.youtube.com/watch?v=toiiWWFsWOw,36:59,37:04
https://www.youtube.com/watch?v=toiiWWFsWOw,37:04,37:09
https://www.youtube.com/watch?v=toiiWWFsWOw,37:09,37:14
https://www.youtube.com/watch?v=toiiWWFsWOw,37:14,37:19
https://www.youtube.com/watch?v=toiiWWFsWOw,37:19,37:24
https://www.youtube.com/watch?v=toiiWWFsWOw,37:24,37:29
https://www.youtube.com/watch?v=toiiWWFsWOw,37:29,37:34
https://www.youtube.com/watch?v=toiiWWFsWOw,37:34,37:39
https://www.youtube.com/watch?v=toiiWWFsWOw,37:43,37:48
https://www.youtube.com/watch?v=toiiWWFsWOw,37:48,37:53
https://www.youtube.com/watch?v=BueJn299Ip4,2:20,2:25
https://www.youtube.com/watch?v=BueJn299Ip4,14:43,14:48
https://www.youtube.com/watch?v=BueJn299Ip4,14:48,14:53
https://www.youtube.com/watch?v=BueJn299Ip4,14:53,14:58
https://www.youtube.com/watch?v=BueJn299Ip4,14:58,15:03
https://www.youtube.com/watch?v=BueJn299Ip4,15:03,15:08
https://www.youtube.com/watch?v=BueJn299Ip4,16:15,16:20
https://www.youtube.com/watch?v=BueJn299Ip4,16:20,16:25
https://www.youtube.com/watch?v=BueJn299Ip4,16:25,16:30
https://www.youtube.com/watch?v=BueJn299Ip4,17:15,17:20
https://www.youtube.com/watch?v=BueJn299Ip4,17:43,17:48
https://www.youtube.com/watch?v=BueJn299Ip4,17:48,17:53
https://www.youtube.com/watch?v=BueJn299Ip4,20:59,21:04
https://www.youtube.com/watch?v=BueJn299Ip4,21:04,21:09
https://www.youtube.com/watch?v=BueJn299Ip4,21:09,21:14
https://www.youtube.com/watch?v=BueJn299Ip4,23:22,23:27
https://www.youtube.com/watch?v=BueJn299Ip4,23:27,23:32
https://www.youtube.com/watch?v=BueJn299Ip4,35:55,36:00
https://www.youtube.com/watch?v=BueJn299Ip4,36:00,36:05
https://www.youtube.com/watch?v=BueJn299Ip4,36:36,36:41
https://www.youtube.com/watch?v=BueJn299Ip4,37:17,37:22
https://www.youtube.com/watch?v=8XIFnDHJw5c,45,50
https://www.youtube.com/watch?v=8XIFnDHJw5c,50,55
https://www.youtube.com/watch?v=8XIFnDHJw5c,55,60
https://www.youtube.com/watch?v=8XIFnDHJw5c,60,65
https://www.youtube.com/watch?v=8XIFnDHJw5c,65,70
https://www.youtube.com/watch?v=8XIFnDHJw5c,80,85
https://www.youtube.com/watch?v=8XIFnDHJw5c,85,90
https://www.youtube.com/watch?v=8XIFnDHJw5c,95,100
https://www.youtube.com/watch?v=8XIFnDHJw5c,108,113
https://www.youtube.com/watch?v=8XIFnDHJw5c,113,118
https://www.youtube.com/watch?v=8XIFnDHJw5c,118,123
https://www.youtube.com/watch?v=8XIFnDHJw5c,123,128
https://www.youtube.com/watch?v=8XIFnDHJw5c,2:08,2:13
https://www.youtube.com/watch?v=8XIFnDHJw5c,2:14,2:19
https://www.youtube.com/watch?v=8XIFnDHJw5c,2:19,2:24
https://www.youtube.com/watch?v=8XIFnDHJw5c,2:24,2:29
https://www.youtube.com/watch?v=8XIFnDHJw5c,2:36,2:41
https://www.youtube.com/watch?v=8XIFnDHJw5c,2:49,2:54
https://www.youtube.com/watch?v=8XIFnDHJw5c,3:07,3:12
https://www.youtube.com/watch?v=8XIFnDHJw5c,3:30,3:35
https://www.youtube.com/watch?v=8XIFnDHJw5c,3:35,3:40
https://www.youtube.com/watch?v=8XIFnDHJw5c,3:40,3:45
https://www.youtube.com/watch?v=8XIFnDHJw5c,3:50,3:55
https://www.youtube.com/watch?v=8XIFnDHJw5c,3:55,4:00
https://www.youtube.com/watch?v=8XIFnDHJw5c,4:00,4:05
https://www.youtube.com/watch?v=8XIFnDHJw5c,4:05,4:10
https://www.youtube.com/watch?v=8XIFnDHJw5c,4:33,4:38
https://www.youtube.com/watch?v=8XIFnDHJw5c,4:38,4:43
https://www.youtube.com/watch?v=8XIFnDHJw5c,4:43,4:48
https://www.youtube.com/watch?v=8XIFnDHJw5c,4:48,4:53
https://www.youtube.com/watch?v=8XIFnDHJw5c,5:07,5:12
https://www.youtube.com/watch?v=8XIFnDHJw5c,5:12,5:17
https://www.youtube.com/watch?v=8XIFnDHJw5c,5:17,5:22
https://www.youtube.com/watch?v=8XIFnDHJw5c,5:23,5:28
https://www.youtube.com/watch?v=8XIFnDHJw5c,5:28,5:33
https://www.youtube.com/watch?v=8XIFnDHJw5c,5:33,5:38
https://www.youtube.com/watch?v=8XIFnDHJw5c,5:38,5:43
https://www.youtube.com/watch?v=8XIFnDHJw5c,5:45,5:50
https://www.youtube.com/watch?v=8XIFnDHJw5c,5:57,6:02
https://www.youtube.com/watch?v=8XIFnDHJw5c,6:02,6:07
https://www.youtube.com/watch?v=8XIFnDHJw5c,6:08,6:13
https://www.youtube.com/watch?v=8XIFnDHJw5c,6:13,6:18
https://www.youtube.com/watch?v=8XIFnDHJw5c,6:18,6:23
https://www.youtube.com/watch?v=8XIFnDHJw5c,6:23,6:28
https://www.youtube.com/watch?v=8XIFnDHJw5c,6:28,6:33
https://www.youtube.com/watch?v=8XIFnDHJw5c,6:33,6:38
https://www.youtube.com/watch?v=8XIFnDHJw5c,6:38,6:43
https://www.youtube.com/watch?v=8XIFnDHJw5c,6:43,6:48
https://www.youtube.com/watch?v=8XIFnDHJw5c,6:49,6:54
https://www.youtube.com/watch?v=8XIFnDHJw5c,6:54,6:59
https://www.youtube.com/watch?v=8XIFnDHJw5c,7:01,7:06
https://www.youtube.com/watch?v=8XIFnDHJw5c,7:06,7:11
https://www.youtube.com/watch?v=8XIFnDHJw5c,7:11,7:16
https://www.youtube.com/watch?v=8XIFnDHJw5c,7:16,7:21
https://www.youtube.com/watch?v=8XIFnDHJw5c,7:21,7:26
https://www.youtube.com/watch?v=8XIFnDHJw5c,7:26,7:31
https://www.youtube.com/watch?v=8XIFnDHJw5c,7:31,7:36
https://www.youtube.com/watch?v=8XIFnDHJw5c,7:36,7:41
https://www.youtube.com/watch?v=8XIFnDHJw5c,7:43,7:48
https://www.youtube.com/watch?v=8XIFnDHJw5c,7:48,7:53
https://www.youtube.com/watch?v=8XIFnDHJw5c,7:53,7:58
https://www.youtube.com/watch?v=8XIFnDHJw5c,7:58,8:03
https://www.youtube.com/watch?v=8XIFnDHJw5c,8:03,8:08
https://www.youtube.com/watch?v=8XIFnDHJw5c,8:08,8:13
https://www.youtube.com/watch?v=8XIFnDHJw5c,8:20,8:25
https://www.youtube.com/watch?v=8XIFnDHJw5c,8:40,8:45
https://www.youtube.com/watch?v=8XIFnDHJw5c,8:45,8:50
https://www.youtube.com/watch?v=8XIFnDHJw5c,8:59,9:04
https://www.youtube.com/watch?v=8XIFnDHJw5c,9:06,9:11
https://www.youtube.com/watch?v=8XIFnDHJw5c,9:11,9:16
https://www.youtube.com/watch?v=8XIFnDHJw5c,9:16,9:21
https://www.youtube.com/watch?v=8XIFnDHJw5c,9:21,9:26
https://www.youtube.com/watch?v=8XIFnDHJw5c,9:31,9:36
https://www.youtube.com/watch?v=8XIFnDHJw5c,9:36,9:41
https://www.youtube.com/watch?v=8XIFnDHJw5c,9:41,9:46
https://www.youtube.com/watch?v=8XIFnDHJw5c,10:03,10:08
https://www.youtube.com/watch?v=8XIFnDHJw5c,10:08,10:13
https://www.youtube.com/watch?v=8XIFnDHJw5c,10:13,10:18
https://www.youtube.com/watch?v=8XIFnDHJw5c,10:20,10:25
https://www.youtube.com/watch?v=8XIFnDHJw5c,10:32,10:37
https://www.youtube.com/watch?v=8XIFnDHJw5c,10:37,10:42
https://www.youtube.com/watch?v=8XIFnDHJw5c,10:45,10:50
https://www.youtube.com/watch?v=8XIFnDHJw5c,10:50,10:55
https://www.youtube.com/watch?v=8XIFnDHJw5c,10:55,11:00
https://www.youtube.com/watch?v=8XIFnDHJw5c,11:00,11:05
https://www.youtube.com/watch?v=8XIFnDHJw5c,11:05,11:10
https://www.youtube.com/watch?v=8XIFnDHJw5c,11:11,11:16
https://www.youtube.com/watch?v=8XIFnDHJw5c,11:16,11:21
https://www.youtube.com/watch?v=8XIFnDHJw5c,11:33,11:38
https://www.youtube.com/watch?v=8XIFnDHJw5c,11:38,11:43
https://www.youtube.com/watch?v=8XIFnDHJw5c,11:46,11:51
https://www.youtube.com/watch?v=8XIFnDHJw5c,11:55,12:00
https://www.youtube.com/watch?v=8XIFnDHJw5c,12:00,12:05
https://www.youtube.com/watch?v=8XIFnDHJw5c,12:05,12:10
https://www.youtube.com/watch?v=8XIFnDHJw5c,12:16,12:21
https://www.youtube.com/watch?v=8XIFnDHJw5c,12:27,12:32
https://www.youtube.com/watch?v=8XIFnDHJw5c,12:32,12:37
https://www.youtube.com/watch?v=8XIFnDHJw5c,12:43,12:48
https://www.youtube.com/watch?v=8XIFnDHJw5c,12:48,12:53
https://www.youtube.com/watch?v=8XIFnDHJw5c,12:55,13:00
https://www.youtube.com/watch?v=8XIFnDHJw5c,13:00,13:05
https://www.youtube.com/watch?v=8XIFnDHJw5c,13:07,13:12
https://www.youtube.com/watch?v=8XIFnDHJw5c,13:12,13:17
https://www.youtube.com/watch?v=8XIFnDHJw5c,13:17,13:22
https://www.youtube.com/watch?v=8XIFnDHJw5c,13:22,13:27
https://www.youtube.com/watch?v=8XIFnDHJw5c,13:27,13:32
https://www.youtube.com/watch?v=8XIFnDHJw5c,13:34,13:39
https://www.youtube.com/watch?v=8XIFnDHJw5c,13:39,13:44
https://www.youtube.com/watch?v=Ea18TPDBUGs,4:03,4:08
https://www.youtube.com/watch?v=Ea18TPDBUGs,4:16,4:21
https://www.youtube.com/watch?v=Ea18TPDBUGs,4:21,4:26
https://www.youtube.com/watch?v=Ea18TPDBUGs,4:26,4:31
https://www.youtube.com/watch?v=Ea18TPDBUGs,4:31,4:36
https://www.youtube.com/watch?v=Ea18TPDBUGs,4:36,4:41
https://www.youtube.com/watch?v=Ea18TPDBUGs,4:41,4:46
https://www.youtube.com/watch?v=Ea18TPDBUGs,4:46,4:51
https://www.youtube.com/watch?v=Ea18TPDBUGs,4:51,4:56
https://www.youtube.com/watch?v=Ea18TPDBUGs,4:56,5:01
https://www.youtube.com/watch?v=Ea18TPDBUGs,5:01,5:06
https://www.youtube.com/watch?v=Ea18TPDBUGs,5:06,5:11
https://www.youtube.com/watch?v=Ea18TPDBUGs,5:11,5:16
https://www.youtube.com/watch?v=Ea18TPDBUGs,5:16,5:21
https://www.youtube.com/watch?v=Ea18TPDBUGs,5:21,5:26
https://www.youtube.com/watch?v=Ea18TPDBUGs,5:26,5:31
https://www.youtube.com/watch?v=Ea18TPDBUGs,5:31,5:36
https://www.youtube.com/watch?v=Ea18TPDBUGs,5:36,5:41
https://www.youtube.com/watch?v=Ea18TPDBUGs,5:41,5:46
https://www.youtube.com/watch?v=Ea18TPDBUGs,5:46,5:51
https://www.youtube.com/watch?v=Ea18TPDBUGs,5:51,5:56
https://www.youtube.com/watch?v=Ea18TPDBUGs,5:56,6:01
https://www.youtube.com/watch?v=Ea18TPDBUGs,6:01,6:06
https://www.youtube.com/watch?v=Ea18TPDBUGs,6:06,6:11
https://www.youtube.com/watch?v=Ea18TPDBUGs,6:11,6:16
https://www.youtube.com/watch?v=Ea18TPDBUGs,6:16,6:21
https://www.youtube.com/watch?v=Ea18TPDBUGs,6:21,6:26
https://www.youtube.com/watch?v=Ea18TPDBUGs,6:26,6:31
https://www.youtube.com/watch?v=Ea18TPDBUGs,6:31,6:36
https://www.youtube.com/watch?v=Ea18TPDBUGs,6:36,6:41
https://www.youtube.com/watch?v=Ea18TPDBUGs,6:41,6:46
https://www.youtube.com/watch?v=Ea18TPDBUGs,7:10,7:15
https://www.youtube.com/watch?v=Ea18TPDBUGs,7:15,7:20
https://www.youtube.com/watch?v=Ea18TPDBUGs,7:20,7:25
https://www.youtube.com/watch?v=Ea18TPDBUGs,7:25,7:30
https://www.youtube.com/watch?v=Ea18TPDBUGs,7:30,7:35
https://www.youtube.com/watch?v=Ea18TPDBUGs,7:35,7:40
https://www.youtube.com/watch?v=Ea18TPDBUGs,7:40,7:45
https://www.youtube.com/watch?v=Ea18TPDBUGs,7:45,7:50
https://www.youtube.com/watch?v=Ea18TPDBUGs,7:50,7:55
https://www.youtube.com/watch?v=Ea18TPDBUGs,7:55,8:00
https://www.youtube.com/watch?v=Ea18TPDBUGs,8:00,8:05
https://www.youtube.com/watch?v=Ea18TPDBUGs,8:05,8:10
https://www.youtube.com/watch?v=Ea18TPDBUGs,8:10,8:15
https://www.youtube.com/watch?v=Ea18TPDBUGs,8:15,8:20
https://www.youtube.com/watch?v=Ea18TPDBUGs,8:20,8:25
https://www.youtube.com/watch?v=Ea18TPDBUGs,8:25,8:30
https://www.youtube.com/watch?v=Ea18TPDBUGs,8:30,8:35
https://www.youtube.com/watch?v=Ea18TPDBUGs,8:35,8:40
https://www.youtube.com/watch?v=Ea18TPDBUGs,8:40,8:45
https://www.youtube.com/watch?v=Ea18TPDBUGs,8:45,8:50
https://www.youtube.com/watch?v=Ea18TPDBUGs,8:50,8:55
https://www.youtube.com/watch?v=Ea18TPDBUGs,8:55,9:00
https://www.youtube.com/watch?v=Ea18TPDBUGs,9:00,9:05
https://www.youtube.com/watch?v=Ea18TPDBUGs,9:05,9:10
https://www.youtube.com/watch?v=Ea18TPDBUGs,10:05,10:10
https://www.youtube.com/watch?v=Ea18TPDBUGs,11:01,11:06
https://www.youtube.com/watch?v=Ea18TPDBUGs,11:06,11:11
https://www.youtube.com/watch?v=DlY472vmr8E,3,8
https://www.youtube.com/watch?v=DlY472vmr8E,9,14
https://www.youtube.com/watch?v=DlY472vmr8E,17,22
https://www.youtube.com/watch?v=DlY472vmr8E,22,27
https://www.youtube.com/watch?v=DlY472vmr8E,39,44
https://www.youtube.com/watch?v=DlY472vmr8E,44,49
https://www.youtube.com/watch?v=T54DHPEb2Q8,24:39,24:44
https://www.youtube.com/watch?v=T54DHPEb2Q8,24:44,24:49
https://www.youtube.com/watch?v=T54DHPEb2Q8,24:49,24:54
https://www.youtube.com/watch?v=T54DHPEb2Q8,24:54,24:59
https://www.youtube.com/watch?v=T54DHPEb2Q8,24:59,25:04
https://www.youtube.com/watch?v=T54DHPEb2Q8,25:04,25:09
https://www.youtube.com/watch?v=T54DHPEb2Q8,25:13,25:18
https://www.youtube.com/watch?v=T54DHPEb2Q8,25:18,25:23
https://www.youtube.com/watch?v=T54DHPEb2Q8,25:23,25:28
https://www.youtube.com/watch?v=T54DHPEb2Q8,25:33,25:38
https://www.youtube.com/watch?v=T54DHPEb2Q8,25:38,25:43
https://www.youtube.com/watch?v=T54DHPEb2Q8,25:43,25:48
https://www.youtube.com/watch?v=T54DHPEb2Q8,25:48,25:53
https://www.youtube.com/watch?v=T54DHPEb2Q8,25:53,25:58
https://www.youtube.com/watch?v=T54DHPEb2Q8,25:58,26:03
https://www.youtube.com/watch?v=T54DHPEb2Q8,26:03,26:08
https://www.youtube.com/watch?v=T54DHPEb2Q8,26:08,26:13
https://www.youtube.com/watch?v=T54DHPEb2Q8,26:13,26:18
https://www.youtube.com/watch?v=T54DHPEb2Q8,26:18,26:23
https://www.youtube.com/watch?v=T54DHPEb2Q8,26:23,26:28
https://www.youtube.com/watch?v=T54DHPEb2Q8,26:28,26:33
https://www.youtube.com/watch?v=T54DHPEb2Q8,26:33,26:38
https://www.youtube.com/watch?v=T54DHPEb2Q8,26:38,26:43
https://www.youtube.com/watch?v=T54DHPEb2Q8,26:43,26:48
https://www.youtube.com/watch?v=T54DHPEb2Q8,26:48,26:53
https://www.youtube.com/watch?v=T54DHPEb2Q8,26:53,26:58
https://www.youtube.com/watch?v=T54DHPEb2Q8,26:58,27:03
https://www.youtube.com/watch?v=T54DHPEb2Q8,27:03,27:08
https://www.youtube.com/watch?v=T54DHPEb2Q8,27:08,27:13
https://www.youtube.com/watch?v=T54DHPEb2Q8,27:13,27:18
https://www.youtube.com/watch?v=T54DHPEb2Q8,27:18,27:23
https://www.youtube.com/watch?v=T54DHPEb2Q8,27:23,27:28
https://www.youtube.com/watch?v=T54DHPEb2Q8,27:28,27:33
https://www.youtube.com/watch?v=T54DHPEb2Q8,27:33,27:38
https://www.youtube.com/watch?v=T54DHPEb2Q8,27:38,27:43
https://www.youtube.com/watch?v=T54DHPEb2Q8,27:43,27:48
https://www.youtube.com/watch?v=T54DHPEb2Q8,27:48,27:53
https://www.youtube.com/watch?v=T54DHPEb2Q8,27:53,27:58
https://www.youtube.com/watch?v=T54DHPEb2Q8,27:58,28:03
https://www.youtube.com/watch?v=T54DHPEb2Q8,28:03,28:08
https://www.youtube.com/watch?v=T54DHPEb2Q8,28:08,28:13
https://www.youtube.com/watch?v=T54DHPEb2Q8,28:13,28:18
https://www.youtube.com/watch?v=T54DHPEb2Q8,28:18,28:23
https://www.youtube.com/watch?v=T54DHPEb2Q8,28:23,28:28
https://www.youtube.com/watch?v=T54DHPEb2Q8,28:28,28:33
https://www.youtube.com/watch?v=T54DHPEb2Q8,28:45,28:50
https://www.youtube.com/watch?v=T54DHPEb2Q8,28:50,28:55
https://www.youtube.com/watch?v=T54DHPEb2Q8,28:55,29:00
https://www.youtube.com/watch?v=T54DHPEb2Q8,29:00,29:05
https://www.youtube.com/watch?v=T54DHPEb2Q8,29:05,29:10
https://www.youtube.com/watch?v=T54DHPEb2Q8,29:10,29:15
https://www.youtube.com/watch?v=T54DHPEb2Q8,29:15,29:20
https://www.youtube.com/watch?v=T54DHPEb2Q8,29:20,29:25
https://www.youtube.com/watch?v=T54DHPEb2Q8,29:25,29:30
https://www.youtube.com/watch?v=T54DHPEb2Q8,29:30,29:35
https://www.youtube.com/watch?v=T54DHPEb2Q8,29:35,29:40
https://www.youtube.com/watch?v=T54DHPEb2Q8,29:40,29:45
https://www.youtube.com/watch?v=T54DHPEb2Q8,30:23,30:28
https://www.youtube.com/watch?v=T54DHPEb2Q8,30:28,30:33
https://www.youtube.com/watch?v=T54DHPEb2Q8,30:33,30:38
https://www.youtube.com/watch?v=T54DHPEb2Q8,30:38,30:43
https://www.youtube.com/watch?v=T54DHPEb2Q8,31:00,31:05
https://www.youtube.com/watch?v=T54DHPEb2Q8,31:05,31:10
https://www.youtube.com/watch?v=T54DHPEb2Q8,31:10,31:15
https://www.youtube.com/watch?v=T54DHPEb2Q8,31:15,31:20
https://www.youtube.com/watch?v=T54DHPEb2Q8,31:20,31:25
https://www.youtube.com/watch?v=r8EncVFK-IM,1:54,1:59
https://www.youtube.com/watch?v=r8EncVFK-IM,1:59,2:04
https://www.youtube.com/watch?v=r8EncVFK-IM,2:09,2:14
https://www.youtube.com/watch?v=r8EncVFK-IM,2:14,2:19
https://www.youtube.com/watch?v=r8EncVFK-IM,2:22,2:27
https://www.youtube.com/watch?v=r8EncVFK-IM,2:31,2:36
https://www.youtube.com/watch?v=r8EncVFK-IM,2:38,2:43
https://www.youtube.com/watch?v=r8EncVFK-IM,2:45,2:50
https://www.youtube.com/watch?v=r8EncVFK-IM,2:50,2:55
https://www.youtube.com/watch?v=r8EncVFK-IM,2:55,3:00
https://www.youtube.com/watch?v=r8EncVFK-IM,3:00,3:05
https://www.youtube.com/watch?v=r8EncVFK-IM,3:05,3:10
https://www.youtube.com/watch?v=r8EncVFK-IM,3:20,3:25
https://www.youtube.com/watch?v=r8EncVFK-IM,3:25,3:30
https://www.youtube.com/watch?v=r8EncVFK-IM,3:31,3:36
https://www.youtube.com/watch?v=r8EncVFK-IM,3:36,3:41
https://www.youtube.com/watch?v=r8EncVFK-IM,3:52,3:57
https://www.youtube.com/watch?v=r8EncVFK-IM,3:58,4:03
https://www.youtube.com/watch?v=r8EncVFK-IM,4:05,4:10
https://www.youtube.com/watch?v=r8EncVFK-IM,4:13,4:18
https://www.youtube.com/watch?v=r8EncVFK-IM,4:29,4:34
https://www.youtube.com/watch?v=r8EncVFK-IM,4:45,4:50
https://www.youtube.com/watch?v=r8EncVFK-IM,4:53,4:58
https://www.youtube.com/watch?v=r8EncVFK-IM,4:58,5:03
https://www.youtube.com/watch?v=r8EncVFK-IM,5:05,5:10
https://www.youtube.com/watch?v=r8EncVFK-IM,5:10,5:15
https://www.youtube.com/watch?v=r8EncVFK-IM,5:15,5:20
https://www.youtube.com/watch?v=r8EncVFK-IM,5:20,5:25
https://www.youtube.com/watch?v=r8EncVFK-IM,5:33,5:38
https://www.youtube.com/watch?v=r8EncVFK-IM,5:41,5:46
https://www.youtube.com/watch?v=r8EncVFK-IM,5:57,6:02
https://www.youtube.com/watch?v=r8EncVFK-IM,6:04,6:09
https://www.youtube.com/watch?v=r8EncVFK-IM,6:11,6:16
https://www.youtube.com/watch?v=r8EncVFK-IM,6:16,6:21
https://www.youtube.com/watch?v=r8EncVFK-IM,6:21,6:26
https://www.youtube.com/watch?v=r8EncVFK-IM,6:28,6:33
https://www.youtube.com/watch?v=r8EncVFK-IM,6:40,6:45
https://www.youtube.com/watch?v=r8EncVFK-IM,6:45,6:50
https://www.youtube.com/watch?v=r8EncVFK-IM,6:50,6:55
https://www.youtube.com/watch?v=r8EncVFK-IM,7:13,7:18
https://www.youtube.com/watch?v=r8EncVFK-IM,7:26,7:31
https://www.youtube.com/watch?v=r8EncVFK-IM,7:31,7:36
https://www.youtube.com/watch?v=r8EncVFK-IM,7:45,7:50
https://www.youtube.com/watch?v=r8EncVFK-IM,7:50,7:55
https://www.youtube.com/watch?v=r8EncVFK-IM,7:59,8:04
https://www.youtube.com/watch?v=r8EncVFK-IM,8:04,8:09
https://www.youtube.com/watch?v=r8EncVFK-IM,8:10,8:15
https://www.youtube.com/watch?v=r8EncVFK-IM,8:15,8:20
https://www.youtube.com/watch?v=r8EncVFK-IM,8:28,8:33
https://www.youtube.com/watch?v=r8EncVFK-IM,8:37,8:42
https://www.youtube.com/watch?v=r8EncVFK-IM,8:42,8:47
https://www.youtube.com/watch?v=r8EncVFK-IM,8:47,8:52
https://www.youtube.com/watch?v=r8EncVFK-IM,8:52,8:57
https://www.youtube.com/watch?v=r8EncVFK-IM,9:20,9:25
https://www.youtube.com/watch?v=r8EncVFK-IM,9:25,9:30
https://www.youtube.com/watch?v=r8EncVFK-IM,9:33,9:38
https://www.youtube.com/watch?v=r8EncVFK-IM,9:40,9:45
https://www.youtube.com/watch?v=r8EncVFK-IM,9:47,9:52
https://www.youtube.com/watch?v=r8EncVFK-IM,9:54,9:59
https://www.youtube.com/watch?v=r8EncVFK-IM,9:59,10:04
https://www.youtube.com/watch?v=r8EncVFK-IM,10:04,10:09
https://www.youtube.com/watch?v=r8EncVFK-IM,10:09,10:14
https://www.youtube.com/watch?v=r8EncVFK-IM,10:28,10:33
https://www.youtube.com/watch?v=r8EncVFK-IM,10:33,10:38
https://www.youtube.com/watch?v=r8EncVFK-IM,10:42,10:47
https://www.youtube.com/watch?v=r8EncVFK-IM,10:47,10:52
https://www.youtube.com/watch?v=r8EncVFK-IM,10:58,11:03
https://www.youtube.com/watch?v=r8EncVFK-IM,11:12,11:17
https://www.youtube.com/watch?v=r8EncVFK-IM,11:27,11:32
https://www.youtube.com/watch?v=r8EncVFK-IM,11:32,11:37
https://www.youtube.com/watch?v=r8EncVFK-IM,11:50,11:55
https://www.youtube.com/watch?v=r8EncVFK-IM,12:22,12:27
https://www.youtube.com/watch?v=r8EncVFK-IM,12:27,12:32
https://www.youtube.com/watch?v=r8EncVFK-IM,12:35,12:40
https://www.youtube.com/watch?v=r8EncVFK-IM,12:40,12:45
https://www.youtube.com/watch?v=r8EncVFK-IM,12:45,12:50
https://www.youtube.com/watch?v=r8EncVFK-IM,12:50,12:55
https://www.youtube.com/watch?v=r8EncVFK-IM,12:55,13:00
https://www.youtube.com/watch?v=r8EncVFK-IM,13:40,13:45
https://www.youtube.com/watch?v=r8EncVFK-IM,13:45,13:50
https://www.youtube.com/watch?v=r8EncVFK-IM,13:50,13:55
https://www.youtube.com/watch?v=r8EncVFK-IM,13:55,14:00
https://www.youtube.com/watch?v=r8EncVFK-IM,14:00,14:05
https://www.youtube.com/watch?v=r8EncVFK-IM,14:09,14:14
https://www.youtube.com/watch?v=r8EncVFK-IM,14:16,14:21
https://www.youtube.com/watch?v=r8EncVFK-IM,14:27,14:32
https://www.youtube.com/watch?v=r8EncVFK-IM,14:39,14:44
https://www.youtube.com/watch?v=r8EncVFK-IM,15:21,15:26
https://www.youtube.com/watch?v=r8EncVFK-IM,15:26,15:31
https://www.youtube.com/watch?v=r8EncVFK-IM,15:39,15:44
https://www.youtube.com/watch?v=r8EncVFK-IM,16:03,16:08
https://www.youtube.com/watch?v=r8EncVFK-IM,16:08,16:13
https://www.youtube.com/watch?v=r8EncVFK-IM,16:48,16:53
https://www.youtube.com/watch?v=r8EncVFK-IM,16:53,16:58
https://www.youtube.com/watch?v=r8EncVFK-IM,16:58,17:03
https://www.youtube.com/watch?v=r8EncVFK-IM,17:05,17:10
https://www.youtube.com/watch?v=r8EncVFK-IM,17:12,17:17
https://www.youtube.com/watch?v=r8EncVFK-IM,17:29,17:34
https://www.youtube.com/watch?v=r8EncVFK-IM,18:11,18:16
https://www.youtube.com/watch?v=r8EncVFK-IM,18:16,18:21
https://www.youtube.com/watch?v=r8EncVFK-IM,18:58,19:03
https://www.youtube.com/watch?v=r8EncVFK-IM,19:03,19:08
https://www.youtube.com/watch?v=r8EncVFK-IM,19:08,19:13
https://www.youtube.com/watch?v=r8EncVFK-IM,19:19,19:24
https://www.youtube.com/watch?v=r8EncVFK-IM,19:33,19:38
https://www.youtube.com/watch?v=r8EncVFK-IM,19:38,19:43
https://www.youtube.com/watch?v=r8EncVFK-IM,20:04,20:09
https://www.youtube.com/watch?v=r8EncVFK-IM,20:09,20:14
https://www.youtube.com/watch?v=r8EncVFK-IM,20:53,20:58
https://www.youtube.com/watch?v=r8EncVFK-IM,20:58,21:03
https://www.youtube.com/watch?v=r8EncVFK-IM,21:10,21:15
https://www.youtube.com/watch?v=r8EncVFK-IM,21:15,21:20
https://www.youtube.com/watch?v=r8EncVFK-IM,21:20,21:25
https://www.youtube.com/watch?v=r8EncVFK-IM,21:30,21:35
https://www.youtube.com/watch?v=r8EncVFK-IM,21:35,21:40
https://www.youtube.com/watch?v=r8EncVFK-IM,21:45,21:50
https://www.youtube.com/watch?v=r8EncVFK-IM,21:51,21:56
https://www.youtube.com/watch?v=r8EncVFK-IM,21:59,22:04
https://www.youtube.com/watch?v=r8EncVFK-IM,22:10,22:15
https://www.youtube.com/watch?v=r8EncVFK-IM,22:15,22:20
https://www.youtube.com/watch?v=r8EncVFK-IM,22:20,22:25
https://www.youtube.com/watch?v=r8EncVFK-IM,22:25,22:30
https://www.youtube.com/watch?v=r8EncVFK-IM,22:30,22:35
https://www.youtube.com/watch?v=r8EncVFK-IM,22:55,23:00
https://www.youtube.com/watch?v=r8EncVFK-IM,23:00,23:05
https://www.youtube.com/watch?v=r8EncVFK-IM,23:09,23:14
https://www.youtube.com/watch?v=r8EncVFK-IM,23:18,23:23
https://www.youtube.com/watch?v=r8EncVFK-IM,23:29,23:34
https://www.youtube.com/watch?v=r8EncVFK-IM,23:34,23:39
https://www.youtube.com/watch?v=r8EncVFK-IM,23:42,23:47
https://www.youtube.com/watch?v=r8EncVFK-IM,23:47,23:52
https://www.youtube.com/watch?v=r8EncVFK-IM,23:56,24:01
https://www.youtube.com/watch?v=r8EncVFK-IM,24:02,24:07
https://www.youtube.com/watch?v=r8EncVFK-IM,25:00,25:05
https://www.youtube.com/watch?v=r8EncVFK-IM,25:08,25:13
https://www.youtube.com/watch?v=r8EncVFK-IM,25:15,25:20
https://www.youtube.com/watch?v=r8EncVFK-IM,25:20,25:25
https://www.youtube.com/watch?v=r8EncVFK-IM,25:25,25:30
https://www.youtube.com/watch?v=r8EncVFK-IM,25:30,25:35
https://www.youtube.com/watch?v=r8EncVFK-IM,25:35,25:40
https://www.youtube.com/watch?v=r8EncVFK-IM,25:40,25:45