https://www.youtube.com/watch?v=QS3iAa3aA_o,10,13
https://www.youtube.com/watch?v=8Ml8cEGPwhw,9,12
https://www.youtube.com/watch?v=8Ml8cEGPwhw,23,26
https://www.youtube.com/watch?v=sDkfWRAAqQU,0:22,0:27
https://www.youtube.com/watch?v=sDkfWRAAqQU,1:17,1:22
https://www.youtube.com/watch?v=9wtvXoXh0VU,0:02,0:07
https://www.youtube.com/watch?v=INiT1cA_Eqk,40,45
https://www.youtube.com/watch?v=nt74iCDJXIg,33,38
https://www.youtube.com/watch?v=nt74iCDJXIg,1:08,1:13
https://www.youtube.com/watch?v=nt74iCDJXIg,1:18,1:23
https://www.youtube.com/watch?v=nt74iCDJXIg,1:28,1:33
https://www.youtube.com/watch?v=JYZf2DBltd4,1:22,1:27
https://www.youtube.com/watch?v=JYZf2DBltd4,2:50,2:55
https://www.youtube.com/watch?v=JYZf2DBltd4,6:48,6:53
https://www.youtube.com/watch?v=JYZf2DBltd4,11:38,11:43
https://www.youtube.com/watch?v=JYZf2DBltd4,14:41,14:46
https://www.youtube.com/watch?v=DBmON7Iruk4,20,25
https://www.youtube.com/watch?v=lvaJ6kOZvK8,37,42
https://www.youtube.com/watch?v=lvaJ6kOZvK8,19,24
https://www.youtube.com/watch?v=jIe6FHd-ej4,0,5
https://www.youtube.com/watch?v=jIe6FHd-ej4,20,25
https://www.youtube.com/watch?v=nIe4dD9fySw,2:10,2:15
https://www.youtube.com/watch?v=C9-65SH4Qks,0:16,0:21
https://www.youtube.com/watch?v=C9-65SH4Qks,0:21,0:26
https://www.youtube.com/watch?v=C9-65SH4Qks,0:26,0:31
https://www.youtube.com/watch?v=C9-65SH4Qks,0:45,0:50
https://www.youtube.com/watch?v=C9-65SH4Qks,0:50,0:55
https://www.youtube.com/watch?v=C9-65SH4Qks,0:55,1:00
https://www.youtube.com/watch?v=C9-65SH4Qks,1:55,2:00
https://www.youtube.com/watch?v=C9-65SH4Qks,2:17,2:22
https://www.youtube.com/watch?v=C9-65SH4Qks,2:22,2:27
https://www.youtube.com/watch?v=C9-65SH4Qks,3:50,3:55
https://www.youtube.com/watch?v=UFqBluor3Js,9,14
https://www.youtube.com/watch?v=UFqBluor3Js,50,55
https://www.youtube.com/watch?v=UFqBluor3Js,2:01,2:06
https://www.youtube.com/watch?v=uQtnGUoB7kk,9,14
https://www.youtube.com/watch?v=uQtnGUoB7kk,14,19
https://www.youtube.com/watch?v=uQtnGUoB7kk,19,24
https://www.youtube.com/watch?v=2gdSh-hRO-c,7,12
https://www.youtube.com/watch?v=ycjQ_cybQAQ,1:08,1:13
https://www.youtube.com/watch?v=ZiX4kfqe9O0,7:09,7:12
https://www.youtube.com/watch?v=Q5x4eHn_3tA,19,24
https://www.youtube.com/watch?v=1GxT0Yw0pQ4,2:19,2:24
https://www.youtube.com/watch?v=1GxT0Yw0pQ4,2:24,2:29
https://www.youtube.com/watch?v=rA7mm5bpl9I,20,25
https://www.youtube.com/watch?v=GWlWDnPx2XQ,0:08,0:13
https://www.youtube.com/watch?v=GWlWDnPx2XQ,0:13,0:18
https://www.youtube.com/watch?v=GWlWDnPx2XQ,0:18,0:23
https://www.youtube.com/watch?v=GWlWDnPx2XQ,0:23,0:28
https://www.youtube.com/watch?v=GWlWDnPx2XQ,0:28,0:33
https://www.youtube.com/watch?v=GWlWDnPx2XQ,0:41,0:46
https://www.youtube.com/watch?v=GWlWDnPx2XQ,0:46,0:51
https://www.youtube.com/watch?v=GWlWDnPx2XQ,0:51,0:56
https://www.youtube.com/watch?v=GWlWDnPx2XQ,1:05,1:10
https://www.youtube.com/watch?v=GWlWDnPx2XQ,1:10,1:15
https://www.youtube.com/watch?v=GWlWDnPx2XQ,1:15,1:20
https://www.youtube.com/watch?v=GWlWDnPx2XQ,1:20,1:25
https://www.youtube.com/watch?v=GWlWDnPx2XQ,1:25,1:30
https://www.youtube.com/watch?v=GWlWDnPx2XQ,1:30,1:35
https://www.youtube.com/watch?v=GWlWDnPx2XQ,1:54,1:59
https://www.youtube.com/watch?v=GWlWDnPx2XQ,1:59,2:04
https://www.youtube.com/watch?v=GWlWDnPx2XQ,2:04,2:09
https://www.youtube.com/watch?v=GWlWDnPx2XQ,2:09,2:14
https://www.youtube.com/watch?v=GWlWDnPx2XQ,2:14,2:19
https://www.youtube.com/watch?v=GWlWDnPx2XQ,2:25,2:30
https://www.youtube.com/watch?v=GWlWDnPx2XQ,2:53,2:58
https://www.youtube.com/watch?v=GWlWDnPx2XQ,2:58,3:03
https://www.youtube.com/watch?v=GWlWDnPx2XQ,3:03,3:08
https://www.youtube.com/watch?v=GWlWDnPx2XQ,3:08,3:13
https://www.youtube.com/watch?v=GWlWDnPx2XQ,3:13,3:18
https://www.youtube.com/watch?v=GWlWDnPx2XQ,3:18,3:23
https://www.youtube.com/watch?v=GWlWDnPx2XQ,3:56,4:01
https://www.youtube.com/watch?v=YLiFsaX_kJw,0:08,0:13
https://www.youtube.com/watch?v=YLiFsaX_kJw,0:13,0:18
https://www.youtube.com/watch?v=YLiFsaX_kJw,18,23
https://www.youtube.com/watch?v=YLiFsaX_kJw,30,35
https://www.youtube.com/watch?v=YLiFsaX_kJw,41,46
https://www.youtube.com/watch?v=YLiFsaX_kJw,50,55
https://www.youtube.com/watch?v=YLiFsaX_kJw,60,65
https://www.youtube.com/watch?v=YLiFsaX_kJw,65,70
https://www.youtube.com/watch?v=YLiFsaX_kJw,88,93
https://www.youtube.com/watch?v=YLiFsaX_kJw,93,98
https://www.youtube.com/watch?v=YLiFsaX_kJw,1:40,1:45
https://www.youtube.com/watch?v=NJO7t4chuWw,40,45
https://www.youtube.com/watch?v=NJO7t4chuWw,45,50
https://www.youtube.com/watch?v=NJO7t4chuWw,50,55
https://www.youtube.com/watch?v=ijPbEHsAKc8,6,11
https://www.youtube.com/watch?v=ijPbEHsAKc8,15,20
https://www.youtube.com/watch?v=ijPbEHsAKc8,50,55
https://www.youtube.com/watch?v=ijPbEHsAKc8,59,64
https://www.youtube.com/watch?v=NlOzo24NQS8,23,28
https://www.youtube.com/watch?v=NlOzo24NQS8,35,40
https://www.youtube.com/watch?v=NlOzo24NQS8,45,50
https://www.youtube.com/watch?v=wlsZ8uP2Mes,22,27
https://www.youtube.com/watch?v=vHCgmVikntw,2,7
https://www.youtube.com/watch?v=vHCgmVikntw,7,12
https://www.youtube.com/watch?v=vHCgmVikntw,12,17
https://www.youtube.com/watch?v=vHCgmVikntw,24,29
https://www.youtube.com/watch?v=vHCgmVikntw,29,34
https://www.youtube.com/watch?v=vHCgmVikntw,55,60
https://www.youtube.com/watch?v=9uS7_FmKino,31,36
https://www.youtube.com/watch?v=5_2sX8INyac,39,44
https://www.youtube.com/watch?v=5_2sX8INyac,44,49
https://www.youtube.com/watch?v=5_2sX8INyac,55,60
https://www.youtube.com/watch?v=5_2sX8INyac,1:15,1:20
https://www.youtube.com/watch?v=5_2sX8INyac,2:39,2:44
https://www.youtube.com/watch?v=5_2sX8INyac,3:12,3:17
https://www.youtube.com/watch?v=5_2sX8INyac,3:45,3:50
https://www.youtube.com/watch?v=6YTjrPDv3As,27,32
https://www.youtube.com/watch?v=6YTjrPDv3As,32,37
https://www.youtube.com/watch?v=6YTjrPDv3As,1:38,1:43
https://www.youtube.com/watch?v=qLmV-m0SxhI,30,35
https://www.youtube.com/watch?v=qLmV-m0SxhI,35,40
https://www.youtube.com/watch?v=kA5yEM_V2is,8:05,8:10
https://www.youtube.com/watch?v=kA5yEM_V2is,8:10,8:15
https://www.youtube.com/watch?v=kA5yEM_V2is,8:15,8:20
https://www.youtube.com/watch?v=kA5yEM_V2is,8:28,8:33
https://www.youtube.com/watch?v=kA5yEM_V2is,8:33,8:38
https://www.youtube.com/watch?v=kA5yEM_V2is,8:38,8:43
https://www.youtube.com/watch?v=kA5yEM_V2is,9:04,9:09
https://www.youtube.com/watch?v=kA5yEM_V2is,9:11,9:16